platform,video_id,url,title_caption,hashtags,views,likes,comments,engagement_score,creator,download_path,scraped_at,engagement_rate
tiktok,7454179852954897672,https://www.tiktok.com/@aram_kim/video/7454179852954897672?_r=1&_t=ZS-97NOBk7VdnY,تتمة الفيديو في يوتيوب:ahlam Kim❤️ #CapCut #morocco #algeria #tunisia...,"#capcut, #morocco, #algeria, #tunisia",7300000.0,452800.0,5285.0,454482,aram_kim,/content/drive/MyDrive/morocco_trends/downloads/tiktok/7454179852954897672.mp4,2026-06-21 19:38:32.008331,6.28
tiktok,7365225808350154017,https://www.tiktok.com/@darija.ma/video/7365225808350154017?q=%23darijamaroc&t=1781979231063,-37 days #morocco #morocco🇲🇦 #darijama #maroc #darijamarocaine #moroc...,"#morocco, #darijama, #maroc, #darijamarocaine, #moroc",6900000.0,446700.0,3412.0,445666,darija.ma,/content/drive/MyDrive/morocco_trends/downloads/tiktok/7365225808350154017.mp4,2026-06-21 19:38:22.789093,6.52
tiktok,7074668780613291270,https://www.tiktok.com/@marocchinovero/video/7074668780613291270?_r=1&_t=ZS-97NOVHSi7Wu,Rispondi a @faelmllali  Instagram marocchino vero #marocchinovero #ma...,"#marocchinovero, #ma",17900000.0,413500.0,4905.0,407901,marocchinovero,/content/drive/MyDrive/morocco_trends/downloads/tiktok/7074668780613291270.mp4,2026-06-21 19:38:39.192322,2.34
tiktok,7651264791830433042,https://www.tiktok.com/@manal/video/7651264791830433042?_r=1&_t=ZS-97NODRacNS0,GRWM for a moroccan party ⚡️PART 2,,3600000.0,287400.0,1167.0,180677,manal,/content/drive/MyDrive/morocco_trends/downloads/tiktok/7651264791830433042.mp4,2026-06-21 19:38:31.456905,8.02
tiktok,7652411622413126932,https://www.tiktok.com/@hdit.w.kora/video/7652411622413126932?_r=1&_t=ZS-97NOEuq55MK,Morocco 🇲🇦 1-1 🇧🇷 Brasil World Cup 2026  #worldcup #morocco #football ,"#worldcup, #morocco, #football",1200000.0,98200.0,318.0,98518,hdit.w.kora,/content/drive/MyDrive/morocco_trends/downloads/tiktok/7652411622413126932.mp4,2026-06-21 19:38:32.566966,8.21
tiktok,7626464570994969876,https://www.tiktok.com/@habbaz.officiel/video/7626464570994969876?q=%23darijamaroc&t=1781979231063,C’est moi ouuuuu ?! #humour #hagra #fyp #Maroc #darija,"#humour, #hagra, #fyp, #maroc, #darija",1800000.0,72400.0,960.0,71964,habbaz.officiel,/content/drive/MyDrive/morocco_trends/downloads/tiktok/7626464570994969876.mp4,2026-06-21 19:38:20.505635,4.08
tiktok,7651672711348931847,https://www.tiktok.com/@naimahadji.nb/video/7651672711348931847?_r=1&_t=ZS-97NOPZCBwai,Proud morrocan girl ♥️ #worldcup2026 ,#worldcup2026,821100.0,61900.0,1085.0,58726,naimahadji.nb,/content/drive/MyDrive/morocco_trends/downloads/tiktok/7651672711348931847.mp4,2026-06-21 19:38:36.221491,7.67
tiktok,7653492995802647841,https://www.tiktok.com/@manal_v2v/video/7653492995802647841?_r=1&_t=ZS-97NOGNi0Fvg,Une chose est sûre : l’ambiance est là 🇲🇦🔥#queenhouse ,#queenhouse,852600.0,67100.0,452.0,36942,manal_v2v,/content/drive/MyDrive/morocco_trends/downloads/tiktok/7653492995802647841.mp4,2026-06-21 19:38:33.180759,7.92
tiktok,7425952092335934753,https://www.tiktok.com/@ranja.ms/video/7425952092335934753?q=%23maghreb&t=1781979363763,Weeding season🇲🇦  #marocan🇲🇦 #marocaine #maroc🇲🇦 #marocco #maghreb #w...,"#marocan, #marocaine, #maroc, #marocco, #maghreb, #w",1000000.0,30400.0,164.0,30564,ranja.ms,/content/drive/MyDrive/morocco_trends/downloads/tiktok/7425952092335934753.mp4,2026-06-21 19:38:26.196433,3.06
tiktok,7588875335698091285,https://www.tiktok.com/@ankur.morocco/video/7588875335698091285?_r=1&_t=ZS-97NOS9XFiey,تمرين صباحي هنا في المغرب الجميل 🇲🇦 🇮🇳 | Morning workout here in beau...,,1200000.0,22100.0,529.0,22527,ankur.morocco,/content/drive/MyDrive/morocco_trends/downloads/tiktok/7588875335698091285.mp4,2026-06-21 19:38:38.586490,1.89
tiktok,7653542576145943830,https://www.tiktok.com/@abdelmounaime.elb/video/7653542576145943830?_r=1&_t=ZS-97NOIdjw2xY,maroc tcotland#foryour #المغرب🇲🇦تونس🇹🇳الجزائر🇩🇿تركيا🇹🇷_العراق🇮🇶 #الشع...,"#المغرب, #الشع",534100.0,24700.0,1275.0,19350,abdelmounaime.elb,/content/drive/MyDrive/morocco_trends/downloads/tiktok/7653542576145943830.mp4,2026-06-21 19:38:33.739697,4.86
tiktok,7566711801615011094,https://www.tiktok.com/@arabemarroqui/video/7566711801615011094?q=%23darijamaroc&t=1781979231063,Abreviaturas de chat en Darija Marroquí (Marruecos) | Texting slang i...,,476900.0,16300.0,115.0,16008,arabemarroqui,/content/drive/MyDrive/morocco_trends/downloads/tiktok/7566711801615011094.mp4,2026-06-21 19:38:21.688484,3.44
tiktok,7435576340721536289,https://www.tiktok.com/@parler_marocain_01/video/7435576340721536289?q=%23darijamaroc&t=1781979231063,Cour 1 | Donne-moi - Partie 1 #parlermarocain #Maroc #darijamarocaine...,"#parlermarocain, #maroc, #darijamarocaine",218100.0,8178.0,277.0,8351,parler_marocain_01,/content/drive/MyDrive/morocco_trends/downloads/tiktok/7435576340721536289.mp4,2026-06-21 19:38:22.251541,3.88
tiktok,7653470693685792007,https://www.tiktok.com/@uk___lord/video/7653470693685792007,"Stonebwoy ahead of performing at the Festival Mawazine , as he tours ...",,45900.0,8417.0,212.0,8014,uk___lord,/content/drive/MyDrive/morocco_trends/downloads/tiktok/7653470693685792007.mp4,2026-06-21 19:38:28.119747,18.8
tiktok,7653493400758488327,https://www.tiktok.com/@uk___lord/video/7653493400758488327,"Stonebwoy is officially performing tonight, June 20, 2026, at the Maw...",,24900.0,6288.0,234.0,5865,uk___lord,/content/drive/MyDrive/morocco_trends/downloads/tiktok/7653493400758488327.mp4,2026-06-21 19:38:25.094583,26.19
tiktok,7653298399281679629,https://www.tiktok.com/@maziii_313/video/7653298399281679629,All we have is Morocco 🇲🇦 🥳 #trending #worldcup #arabtiktok #muslimti...,"#trending, #worldcup, #arabtiktok, #muslimti",415700.0,21800.0,720.0,5365,maziii_313,/content/drive/MyDrive/morocco_trends/downloads/tiktok/7653298399281679629.mp4,2026-06-21 19:38:14.965325,5.42
tiktok,7609637758054796566,https://www.tiktok.com/@pacoinmorocco/video/7609637758054796566?_r=1&_t=ZS-97NOWox1WPU,One word - six languages.  После ги учих на български хора🕺 #fyp #mor...,"#fyp, #mor",88600.0,4324.0,285.0,4615,pacoinmorocco,/content/drive/MyDrive/morocco_trends/downloads/tiktok/7609637758054796566.mp4,2026-06-21 19:38:37.992805,5.2
tiktok,7631382773332184328,https://www.tiktok.com/@elaboub/video/7631382773332184328?q=%23%D8%A7%D9%84%D9%85%D8%BA%D8%B1%D8%A8&t=1781980699359,هذا فيديو كاريكاتوري ساخر يقدّم شخصية عمي عزيز في مشهد فكاهي مبالغ في...,,353000.0,4183.0,296.0,4408,elaboub,/content/drive/MyDrive/morocco_trends/downloads/tiktok/7631382773332184328.mp4,2026-06-21 19:38:27.516012,1.27
tiktok,7653458044382170375,https://www.tiktok.com/@norazii/video/7653458044382170375?_r=1&_t=ZS-97NORS7Clvw,Excitedd for Moroccoooo🇲🇦🥳 few dayyss!!,,44800.0,3654.0,111.0,3765,norazii,/content/drive/MyDrive/morocco_trends/downloads/tiktok/7653458044382170375.mp4,2026-06-21 19:38:36.784775,8.4
tiktok,7651365089995574548,https://www.tiktok.com/@nouamanes/video/7651365089995574548?_r=1&_t=ZS-97NOMWEPpJM,Ana mamsalich!! #fyp #viral #morocco #فوريو #فايرل ,"#fyp, #viral, #morocco, #فوريو, #فايرل",130900.0,14800.0,103.0,3630,nouamanes,/content/drive/MyDrive/morocco_trends/downloads/tiktok/7651365089995574548.mp4,2026-06-21 19:38:35.106946,11.39
tiktok,7650864995139374356,https://www.tiktok.com/@talyanihmed/video/7650864995139374356?_r=1&_t=ZS-97NOOWocKqy,باغي لفلوس سير البانك أنا ماشي بانك 😂😂😂 #morocco🇲🇦 #fronce🇫🇷  #aljiri...,"#morocco, #fronce, #aljiri",319900.0,6404.0,479.0,3589,talyanihmed,/content/drive/MyDrive/morocco_trends/downloads/tiktok/7650864995139374356.mp4,2026-06-21 19:38:35.668109,2.15
tiktok,7651220164352019732,https://www.tiktok.com/@ifrane_city_23/video/7651220164352019732?_r=1&_t=ZS-97NOI285JPZ,#ifrane_maroc #ifranemorocco❤️🇲🇦 #alakhawaynuniversity #aui #شعب_الصي...,"#ifrane_maroc, #ifranemorocco, #alakhawaynuniversity, #aui, #شعب_الصي",111300.0,4106.0,59.0,2637,ifrane_city_23,/content/drive/MyDrive/morocco_trends/downloads/tiktok/7651220164352019732.mp4,2026-06-21 19:38:34.536283,3.74
tiktok,7653476818741153056,https://www.tiktok.com/@agadutchie.ai/video/7653476818741153056,Who wins? Morocco - Haiti #fyp #viral #pourtoiii #trending #worldcup2...,"#fyp, #viral, #pourtoiii, #trending, #worldcup2",7954.0,2375.0,15.0,2382,agadutchie.ai,/content/drive/MyDrive/morocco_trends/downloads/tiktok/7653476818741153056.mp4,2026-06-21 19:38:25.659407,30.05
tiktok,7651059444901547271,https://www.tiktok.com/@anass.tehami/video/7651059444901547271?_r=1&_t=ZS-97NIOvS5xB6,😂🫶 #music #pyfツ #tiktok #morroco🇲🇦 #explore ,"#music, #pyfツ, #tiktok, #morroco, #explore",61900.0,2440.0,21.0,2227,anass.tehami,/content/drive/MyDrive/morocco_trends/downloads/tiktok/7651059444901547271.mp4,2026-06-21 19:38:30.789215,3.98
tiktok,7653319899921599766,https://www.tiktok.com/@tetuan4life/video/7653319899921599766?q=%23maghreb&t=1781979363763,Let’s go!  . . . . #maroc #maghreb #morocco #boston #worldcup26 ,"#maroc, #maghreb, #morocco, #boston, #worldcup26",37300.0,2291.0,25.0,2189,tetuan4life,/content/drive/MyDrive/morocco_trends/downloads/tiktok/7653319899921599766.mp4,2026-06-21 19:38:23.905515,6.21
tiktok,7653500573970468103,https://www.tiktok.com/@khojodhensity/video/7653500573970468103?q=%23morocco&t=1781979055293,🇲🇦 Stonebwoy has officially landed in Morocco! 🔥 The journey to the s...,,7641.0,2298.0,44.0,1951,khojodhensity,/content/drive/MyDrive/morocco_trends/downloads/tiktok/7653500573970468103.mp4,2026-06-21 19:38:18.095362,30.65
tiktok,7653513856118983968,https://www.tiktok.com/@aziz_aboudrar/video/7653513856118983968?q=%23maroc%20&t=1781978847953,Maroc 🇲🇦 1-0 🏴󠁧󠁢󠁳󠁣󠁴󠁿 Ecosse : Azizinho Abrizili au micro 🎙️ ,,27500.0,1967.0,110.0,1362,aziz_aboudrar,/content/drive/MyDrive/morocco_trends/downloads/tiktok/7653513856118983968.mp4,2026-06-21 19:38:17.536939,7.55
tiktok,7635739712183242005,https://www.tiktok.com/@kawreviewsagadir/video/7635739712183242005?_r=1&_t=ZS-97NOTahYfKv,"📍Juliad,Agadir bay @café restaurant julia-d  #agadir #frypgシ #morocco...","#agadir, #frypgシ, #morocco",96700.0,2052.0,31.0,1281,kawreviewsagadir,/content/drive/MyDrive/morocco_trends/downloads/tiktok/7635739712183242005.mp4,2026-06-21 19:38:37.408342,2.15
tiktok,7653514181773217044,https://www.tiktok.com/@ice.mohny/video/7653514181773217044?q=%23morocco&t=1781979055293,Morocco ways #fyp #foryou #goviral #trending #stonebwoy ,"#fyp, #foryou, #goviral, #trending, #stonebwoy",2085.0,684.0,29.0,539,ice.mohny,/content/drive/MyDrive/morocco_trends/downloads/tiktok/7653514181773217044.mp4,2026-06-21 19:38:19.139575,34.2
tiktok,7653060304577809671,https://www.tiktok.com/@parkabla2201/video/7653060304577809671?is_from_webapp=1&sender_device=pc&web_id=7653540710604441089,Dima moroccoooooo🇲🇦✨ #اكسبلور #viral #explore #trending #tiktok ,"#اكسبلور, #viral, #explore, #trending, #tiktok",18000.0,518.0,17.0,414,parkabla2201,/content/drive/MyDrive/morocco_trends/downloads/tiktok/7653060304577809671.mp4,2026-06-21 19:38:16.718082,2.97
tiktok,7653300959640112391,https://www.tiktok.com/@ayatt.ma/video/7653300959640112391?q=%23%D8%A7%D9%84%D9%85%D8%BA%D8%B1%D8%A8&t=1781980699359,و بقا فيا الحااال🤣🔥 #اكسبلور #fyp #المغرب🇲🇦تونس🇹🇳الجزائر🇩🇿 #المغرب #e...,"#اكسبلور, #fyp, #المغرب, #e",23900.0,905.0,35.0,407,ayatt.ma,/content/drive/MyDrive/morocco_trends/downloads/tiktok/7653300959640112391.mp4,2026-06-21 19:38:26.926355,3.93
tiktok,7287696837358800160,https://www.tiktok.com/@dhak_wbki_man_9albk/video/7287696837358800160?q=%23darijamaroc&t=1781979231063,🤣🤣🤣 #sbitar_lmhabel #moutdyaldahk #darija #dahk_maroc #tmout_bdahk🤣 #...,"#sbitar_lmhabel, #moutdyaldahk, #darija, #dahk_maroc, #tmout_bdahk",38000.0,502.0,14.0,384,dhak_wbki_man_9albk,/content/drive/MyDrive/morocco_trends/downloads/tiktok/7287696837358800160.mp4,2026-06-21 19:38:23.351662,1.36
tiktok,7653228028339735825,https://www.tiktok.com/@abiireddouiri/video/7653228028339735825?q=%23maghreb&t=1781979363763,#worldcup #morocco🇲🇦 #dimamaghrib ,"#worldcup, #morocco, #dimamaghrib",1346.0,96.0,7.0,103,abiireddouiri,/content/drive/MyDrive/morocco_trends/downloads/tiktok/7653228028339735825.mp4,2026-06-21 19:38:24.431304,7.65
tiktok,7653222648134094101,https://www.tiktok.com/@aaliworldcup/video/7653222648134094101,Dima Maghrib🇲🇦 #morocco #trend #inspiredawesomelife #creatorsearchins...,"#morocco, #trend, #inspiredawesomelife, #creatorsearchins",3523.0,142.0,7.0,85,aaliworldcup,/content/drive/MyDrive/morocco_trends/downloads/tiktok/7653222648134094101.mp4,2026-06-21 19:38:15.585546,4.23
tiktok,7629014562406206728,https://www.tiktok.com/@northmoroccol/video/7629014562406206728?q=%23morocco&t=1781979055293,طنجة #tangier #morocco #explore #creaselighteningcream ,"#tangier, #morocco, #explore, #creaselighteningcream",11300.0,80.0,1.0,81,northmoroccol,/content/drive/MyDrive/morocco_trends/downloads/tiktok/7629014562406206728.mp4,2026-06-21 19:38:18.648694,0.72
tiktok,7611230328870407432,https://www.tiktok.com/@morocoo.core/video/7611230328870407432?q=%23darijamaroc&t=1781979231063,#darijamorocoo #morocoo #darijamarocaine #morocoo #شعب_الصيني_ماله_حل😂😂 ,"#darijamorocoo, #morocoo, #darijamarocaine, #شعب_الصيني_ماله_حل",3966.0,96.0,3.0,63,morocoo.core,/content/drive/MyDrive/morocco_trends/downloads/tiktok/7611230328870407432.mp4,2026-06-21 19:38:21.116451,2.5
tiktok,7653407325046377735,https://www.tiktok.com/@mhannad.rachid/video/7653407325046377735?is_from_webapp=1&sender_device=pc&web_id=7653540710604441089,u are in morocco trend#WhatToWatch #seriestowatch #remix ,"#seriestowatch, #remix",915.0,29.0,1.0,23,mhannad.rachid,/content/drive/MyDrive/morocco_trends/downloads/tiktok/7653407325046377735.mp4,2026-06-21 19:38:16.211983,3.28
tiktok,7470149568609586454,https://www.tiktok.com/@.morocco._/video/7470149568609586454?q=%23morocco&t=1781979055293,#mrokko🇲🇦🇲🇦🇲🇦 #marocaine🇲🇦 #🇲🇦🇲🇦🇲🇦🇲🇦🇲🇦🇲🇦🇲🇦 ,"#mrokko, #marocaine",3231.0,18.0,0.0,3,.morocco._,/content/drive/MyDrive/morocco_trends/downloads/tiktok/7470149568609586454.mp4,2026-06-21 19:38:19.721849,0.56
